startTime,generation
2024-01-31T23:30:00.000Z,14355
2024-01-31T23:00:00.000Z,14595
2024-01-31T22:30:00.000Z,14908
2024-01-31T22:00:00.000Z,15490
2024-01-31T21:30:00.000Z,15719
2024-01-31T21:00:00.000Z,15757
2024-01-31T20:30:00.000Z,15827
2024-01-31T20:00:00.000Z,15684
2024-01-31T19:30:00.000Z,15661
2024-01-31T19:00:00.000Z,15812
2024-01-31T18:30:00.000Z,15736
2024-01-31T18:00:00.000Z,15411
2024-01-31T17:30:00.000Z,15654
2024-01-31T17:00:00.000Z,15683
2024-01-31T16:30:00.000Z,15544
2024-01-31T16:00:00.000Z,15762
2024-01-31T15:30:00.000Z,15865
2024-01-31T15:00:00.000Z,15911
2024-01-31T14:30:00.000Z,15691
2024-01-31T14:00:00.000Z,15818
2024-01-31T13:30:00.000Z,15868
2024-01-31T13:00:00.000Z,15997
2024-01-31T12:30:00.000Z,15701
2024-01-31T12:00:00.000Z,15177
2024-01-31T11:30:00.000Z,14739
2024-01-31T11:00:00.000Z,14352
2024-01-31T10:30:00.000Z,14245
2024-01-31T10:00:00.000Z,14183
2024-01-31T09:30:00.000Z,13602
2024-01-31T09:00:00.000Z,13747
2024-01-31T08:30:00.000Z,13321
2024-01-31T08:00:00.000Z,12836
2024-01-31T07:30:00.000Z,12411
2024-01-31T07:00:00.000Z,11728
2024-01-31T06:30:00.000Z,11156
2024-01-31T06:00:00.000Z,10509
2024-01-31T05:30:00.000Z,10010
2024-01-31T05:00:00.000Z,9519
2024-01-31T04:30:00.000Z,8908
2024-01-31T04:00:00.000Z,8687
2024-01-31T03:30:00.000Z,8432
2024-01-31T03:00:00.000Z,8175
2024-01-31T02:30:00.000Z,7964
2024-01-31T02:00:00.000Z,7463
2024-01-31T01:30:00.000Z,7371
2024-01-31T01:00:00.000Z,7248
2024-01-31T00:30:00.000Z,7207
2024-01-31T00:00:00.000Z,7009
2024-01-30T23:30:00.000Z,7049
2024-01-30T23:00:00.000Z,7592
2024-01-30T22:30:00.000Z,7688
2024-01-30T22:00:00.000Z,7214
2024-01-30T21:30:00.000Z,7247
2024-01-30T21:00:00.000Z,7217
2024-01-30T20:30:00.000Z,6700
2024-01-30T20:00:00.000Z,6622
2024-01-30T19:30:00.000Z,6509
2024-01-30T19:00:00.000Z,6415
2024-01-30T18:30:00.000Z,6483
2024-01-30T18:00:00.000Z,6626
2024-01-30T17:30:00.000Z,7008
2024-01-30T17:00:00.000Z,7193
2024-01-30T16:30:00.000Z,7238
2024-01-30T16:00:00.000Z,7604
2024-01-30T15:30:00.000Z,7826
2024-01-30T15:00:00.000Z,7823
2024-01-30T14:30:00.000Z,8149
2024-01-30T14:00:00.000Z,8626
2024-01-30T13:30:00.000Z,8412
2024-01-30T13:00:00.000Z,8442
2024-01-30T12:30:00.000Z,8437
2024-01-30T12:00:00.000Z,8628
2024-01-30T11:30:00.000Z,9283
2024-01-30T11:00:00.000Z,9565
2024-01-30T10:30:00.000Z,9243
2024-01-30T10:00:00.000Z,9066
2024-01-30T09:30:00.000Z,9069
2024-01-30T09:00:00.000Z,9195
2024-01-30T08:30:00.000Z,9438
2024-01-30T08:00:00.000Z,9672
2024-01-30T07:30:00.000Z,9934
2024-01-30T07:00:00.000Z,10107
2024-01-30T06:30:00.000Z,10197
2024-01-30T06:00:00.000Z,10215
2024-01-30T05:30:00.000Z,10233
2024-01-30T05:00:00.000Z,10076
2024-01-30T04:30:00.000Z,10038
2024-01-30T04:00:00.000Z,10203
2024-01-30T03:30:00.000Z,10407
2024-01-30T03:00:00.000Z,10370
2024-01-30T02:30:00.000Z,10203
2024-01-30T02:00:00.000Z,10237
2024-01-30T01:30:00.000Z,10064
2024-01-30T01:00:00.000Z,9883
2024-01-30T00:30:00.000Z,9551
2024-01-30T00:00:00.000Z,9135
2024-01-29T23:30:00.000Z,9021
2024-01-29T23:00:00.000Z,8699
2024-01-29T22:30:00.000Z,8784
2024-01-29T22:00:00.000Z,8875
2024-01-29T21:30:00.000Z,8994
2024-01-29T21:00:00.000Z,9077
2024-01-29T20:30:00.000Z,9171
2024-01-29T20:00:00.000Z,9178
2024-01-29T19:30:00.000Z,9221
2024-01-29T19:00:00.000Z,9019
2024-01-29T18:30:00.000Z,8669
2024-01-29T18:00:00.000Z,8035
2024-01-29T17:30:00.000Z,7538
2024-01-29T17:00:00.000Z,7372
2024-01-29T16:30:00.000Z,6769
2024-01-29T16:00:00.000Z,5949
2024-01-29T15:30:00.000Z,5053
2024-01-29T15:00:00.000Z,4342
2024-01-29T14:30:00.000Z,3948
2024-01-29T14:00:00.000Z,3761
2024-01-29T13:30:00.000Z,3405
2024-01-29T13:00:00.000Z,3078
2024-01-29T12:30:00.000Z,3004
2024-01-29T12:00:00.000Z,2918
2024-01-29T11:30:00.000Z,3321
2024-01-29T11:00:00.000Z,3669
2024-01-29T10:30:00.000Z,3493
2024-01-29T10:00:00.000Z,3337
2024-01-29T09:30:00.000Z,3582
2024-01-29T09:00:00.000Z,3928
2024-01-29T08:30:00.000Z,3880
2024-01-29T08:00:00.000Z,3909
2024-01-29T07:30:00.000Z,3996
2024-01-29T07:00:00.000Z,4031
2024-01-29T06:30:00.000Z,3748
2024-01-29T06:00:00.000Z,3626
2024-01-29T05:30:00.000Z,3754
2024-01-29T05:00:00.000Z,3962
2024-01-29T04:30:00.000Z,4145
2024-01-29T04:00:00.000Z,4336
2024-01-29T03:30:00.000Z,4809
2024-01-29T03:00:00.000Z,5568
2024-01-29T02:30:00.000Z,5889
2024-01-29T02:00:00.000Z,6149
2024-01-29T01:30:00.000Z,6853
2024-01-29T01:00:00.000Z,7980
2024-01-29T00:30:00.000Z,8765
2024-01-29T00:00:00.000Z,9682
2024-01-28T23:30:00.000Z,9898
2024-01-28T23:00:00.000Z,10198
2024-01-28T22:30:00.000Z,10969
2024-01-28T22:00:00.000Z,11484
2024-01-28T21:30:00.000Z,11717
2024-01-28T21:00:00.000Z,12151
2024-01-28T20:30:00.000Z,12400
2024-01-28T20:00:00.000Z,12878
2024-01-28T19:30:00.000Z,13162
2024-01-28T19:00:00.000Z,13632
2024-01-28T18:30:00.000Z,14047
2024-01-28T18:00:00.000Z,14262
2024-01-28T17:30:00.000Z,14439
2024-01-28T17:00:00.000Z,14255
2024-01-28T16:30:00.000Z,13931
2024-01-28T16:00:00.000Z,13866
2024-01-28T15:30:00.000Z,13519
2024-01-28T15:00:00.000Z,13272
2024-01-28T14:30:00.000Z,13332
2024-01-28T14:00:00.000Z,13270
2024-01-28T13:30:00.000Z,13316
2024-01-28T13:00:00.000Z,13513
2024-01-28T12:30:00.000Z,13682
2024-01-28T12:00:00.000Z,13588
2024-01-28T11:30:00.000Z,13063
2024-01-28T11:00:00.000Z,12532
2024-01-28T10:30:00.000Z,12639
2024-01-28T10:00:00.000Z,12583
2024-01-28T09:30:00.000Z,12523
2024-01-28T09:00:00.000Z,12157
2024-01-28T08:30:00.000Z,11948
2024-01-28T08:00:00.000Z,12248
2024-01-28T07:30:00.000Z,12484
2024-01-28T07:00:00.000Z,12485
2024-01-28T06:30:00.000Z,12622
2024-01-28T06:00:00.000Z,12877
2024-01-28T05:30:00.000Z,12853
2024-01-28T05:00:00.000Z,12679
2024-01-28T04:30:00.000Z,12365
2024-01-28T04:00:00.000Z,12181
2024-01-28T03:30:00.000Z,12232
2024-01-28T03:00:00.000Z,12345
2024-01-28T02:30:00.000Z,12440
2024-01-28T02:00:00.000Z,11981
2024-01-28T01:30:00.000Z,11819
2024-01-28T01:00:00.000Z,11312
2024-01-28T00:30:00.000Z,11096
2024-01-28T00:00:00.000Z,11118
2024-01-27T23:30:00.000Z,11479
2024-01-27T23:00:00.000Z,11688
2024-01-27T22:30:00.000Z,11686
2024-01-27T22:00:00.000Z,11292
2024-01-27T21:30:00.000Z,11256
2024-01-27T21:00:00.000Z,11309
2024-01-27T20:30:00.000Z,11359
2024-01-27T20:00:00.000Z,11453
2024-01-27T19:30:00.000Z,11529
2024-01-27T19:00:00.000Z,11124
2024-01-27T18:30:00.000Z,11350
2024-01-27T18:00:00.000Z,11500
2024-01-27T17:30:00.000Z,11815
2024-01-27T17:00:00.000Z,11721
2024-01-27T16:30:00.000Z,11595
2024-01-27T16:00:00.000Z,11093
2024-01-27T15:30:00.000Z,11183
2024-01-27T15:00:00.000Z,11419
2024-01-27T14:30:00.000Z,11448
2024-01-27T14:00:00.000Z,11712
2024-01-27T13:30:00.000Z,12002
2024-01-27T13:00:00.000Z,11761
2024-01-27T12:30:00.000Z,11930
2024-01-27T12:00:00.000Z,11957
2024-01-27T11:30:00.000Z,11940
2024-01-27T11:00:00.000Z,11512
2024-01-27T10:30:00.000Z,11564
2024-01-27T10:00:00.000Z,11366
2024-01-27T09:30:00.000Z,11163
2024-01-27T09:00:00.000Z,11012
2024-01-27T08:30:00.000Z,10674
2024-01-27T08:00:00.000Z,10340
2024-01-27T07:30:00.000Z,10004
2024-01-27T07:00:00.000Z,9683
2024-01-27T06:30:00.000Z,9574
2024-01-27T06:00:00.000Z,9601
2024-01-27T05:30:00.000Z,9844
2024-01-27T05:00:00.000Z,9962
2024-01-27T04:30:00.000Z,10206
2024-01-27T04:00:00.000Z,10210
2024-01-27T03:30:00.000Z,10415
2024-01-27T03:00:00.000Z,10526
2024-01-27T02:30:00.000Z,10923
2024-01-27T02:00:00.000Z,11146
2024-01-27T01:30:00.000Z,11267
2024-01-27T01:00:00.000Z,11576
2024-01-27T00:30:00.000Z,11691
2024-01-27T00:00:00.000Z,11898
2024-01-26T23:30:00.000Z,12011
2024-01-26T23:00:00.000Z,11989
2024-01-26T22:30:00.000Z,12080
2024-01-26T22:00:00.000Z,12336
2024-01-26T21:30:00.000Z,12380
2024-01-26T21:00:00.000Z,12454
2024-01-26T20:30:00.000Z,12482
2024-01-26T20:00:00.000Z,12562
2024-01-26T19:30:00.000Z,12520
2024-01-26T19:00:00.000Z,12733
2024-01-26T18:30:00.000Z,12745
2024-01-26T18:00:00.000Z,12745
2024-01-26T17:30:00.000Z,12726
2024-01-26T17:00:00.000Z,13030
2024-01-26T16:30:00.000Z,12846
2024-01-26T16:00:00.000Z,13208
2024-01-26T15:30:00.000Z,13631
2024-01-26T15:00:00.000Z,13927
2024-01-26T14:30:00.000Z,14316
2024-01-26T14:00:00.000Z,14854
2024-01-26T13:30:00.000Z,15185
2024-01-26T13:00:00.000Z,15185
2024-01-26T12:30:00.000Z,14902
2024-01-26T12:00:00.000Z,15103
2024-01-26T11:30:00.000Z,15069
2024-01-26T11:00:00.000Z,15050
2024-01-26T10:30:00.000Z,14745
2024-01-26T10:00:00.000Z,14755
2024-01-26T09:30:00.000Z,14695
2024-01-26T09:00:00.000Z,14620
2024-01-26T08:30:00.000Z,14753
2024-01-26T08:00:00.000Z,14722
2024-01-26T07:30:00.000Z,14931
2024-01-26T07:00:00.000Z,14603
2024-01-26T06:30:00.000Z,14760
2024-01-26T06:00:00.000Z,14547
2024-01-26T05:30:00.000Z,14335
2024-01-26T05:00:00.000Z,14692
2024-01-26T04:30:00.000Z,14723
2024-01-26T04:00:00.000Z,14632
2024-01-26T03:30:00.000Z,14509
2024-01-26T03:00:00.000Z,14523
2024-01-26T02:30:00.000Z,14488
2024-01-26T02:00:00.000Z,14316
2024-01-26T01:30:00.000Z,14285
2024-01-26T01:00:00.000Z,14422
2024-01-26T00:30:00.000Z,14259
2024-01-26T00:00:00.000Z,14317
2024-01-25T23:30:00.000Z,14456
2024-01-25T23:00:00.000Z,14478
2024-01-25T22:30:00.000Z,14650
2024-01-25T22:00:00.000Z,14593
2024-01-25T21:30:00.000Z,14513
2024-01-25T21:00:00.000Z,14506
2024-01-25T20:30:00.000Z,14577
2024-01-25T20:00:00.000Z,14402
2024-01-25T19:30:00.000Z,14245
2024-01-25T19:00:00.000Z,14109
2024-01-25T18:30:00.000Z,14618
2024-01-25T18:00:00.000Z,14704
2024-01-25T17:30:00.000Z,14444
2024-01-25T17:00:00.000Z,14242
2024-01-25T16:30:00.000Z,14049
2024-01-25T16:00:00.000Z,14202
2024-01-25T15:30:00.000Z,13968
2024-01-25T15:00:00.000Z,13601
2024-01-25T14:30:00.000Z,13627
2024-01-25T14:00:00.000Z,13819
2024-01-25T13:30:00.000Z,13712
2024-01-25T13:00:00.000Z,13605
2024-01-25T12:30:00.000Z,13216
2024-01-25T12:00:00.000Z,12824
2024-01-25T11:30:00.000Z,12648
2024-01-25T11:00:00.000Z,12490
2024-01-25T10:30:00.000Z,12224
2024-01-25T10:00:00.000Z,11463
2024-01-25T09:30:00.000Z,10975
2024-01-25T09:00:00.000Z,10362
2024-01-25T08:30:00.000Z,9601
2024-01-25T08:00:00.000Z,8529
2024-01-25T07:30:00.000Z,8145
2024-01-25T07:00:00.000Z,7496
2024-01-25T06:30:00.000Z,6894
2024-01-25T06:00:00.000Z,6573
2024-01-25T05:30:00.000Z,6266
2024-01-25T05:00:00.000Z,6135
2024-01-25T04:30:00.000Z,5719
2024-01-25T04:00:00.000Z,6007
2024-01-25T03:30:00.000Z,6376
2024-01-25T03:00:00.000Z,6055
2024-01-25T02:30:00.000Z,6066
2024-01-25T02:00:00.000Z,6321
2024-01-25T01:30:00.000Z,6442
2024-01-25T01:00:00.000Z,6910
2024-01-25T00:30:00.000Z,7202
2024-01-25T00:00:00.000Z,7512
2024-01-24T23:30:00.000Z,7759
2024-01-24T23:00:00.000Z,8380
2024-01-24T22:30:00.000Z,8572
2024-01-24T22:00:00.000Z,9429
2024-01-24T21:30:00.000Z,10012
2024-01-24T21:00:00.000Z,10361
2024-01-24T20:30:00.000Z,10866
2024-01-24T20:00:00.000Z,11630
2024-01-24T19:30:00.000Z,11620
2024-01-24T19:00:00.000Z,11844
2024-01-24T18:30:00.000Z,12513
2024-01-24T18:00:00.000Z,12889
2024-01-24T17:30:00.000Z,13105
2024-01-24T17:00:00.000Z,12907
2024-01-24T16:30:00.000Z,13163
2024-01-24T16:00:00.000Z,13797
2024-01-24T15:30:00.000Z,14282
2024-01-24T15:00:00.000Z,14210
2024-01-24T14:30:00.000Z,14398
2024-01-24T14:00:00.000Z,14200
2024-01-24T13:30:00.000Z,14459
2024-01-24T13:00:00.000Z,14727
2024-01-24T12:30:00.000Z,14817
2024-01-24T12:00:00.000Z,14859
2024-01-24T11:30:00.000Z,14782
2024-01-24T11:00:00.000Z,14882
2024-01-24T10:30:00.000Z,14837
2024-01-24T10:00:00.000Z,14879
2024-01-24T09:30:00.000Z,14965
2024-01-24T09:00:00.000Z,14811
2024-01-24T08:30:00.000Z,14765
2024-01-24T08:00:00.000Z,14406
2024-01-24T07:30:00.000Z,14397
2024-01-24T07:00:00.000Z,14158
2024-01-24T06:30:00.000Z,13875
2024-01-24T06:00:00.000Z,13479
2024-01-24T05:30:00.000Z,13459
2024-01-24T05:00:00.000Z,13320
2024-01-24T04:30:00.000Z,13158
2024-01-24T04:00:00.000Z,13392
2024-01-24T03:30:00.000Z,13336
2024-01-24T03:00:00.000Z,13351
2024-01-24T02:30:00.000Z,13585
2024-01-24T02:00:00.000Z,13586
2024-01-24T01:30:00.000Z,13825
2024-01-24T01:00:00.000Z,13913
2024-01-24T00:30:00.000Z,13934
2024-01-24T00:00:00.000Z,13888
2024-01-23T23:30:00.000Z,14027
2024-01-23T23:00:00.000Z,13784
2024-01-23T22:30:00.000Z,13565
2024-01-23T22:00:00.000Z,13779
2024-01-23T21:30:00.000Z,14128
2024-01-23T21:00:00.000Z,14506
2024-01-23T20:30:00.000Z,15099
2024-01-23T20:00:00.000Z,15140
2024-01-23T19:30:00.000Z,15070
2024-01-23T19:00:00.000Z,15087
2024-01-23T18:30:00.000Z,15256
2024-01-23T18:00:00.000Z,15500
2024-01-23T17:30:00.000Z,15389
2024-01-23T17:00:00.000Z,15232
2024-01-23T16:30:00.000Z,15301
2024-01-23T16:00:00.000Z,15280
2024-01-23T15:30:00.000Z,15341
2024-01-23T15:00:00.000Z,15455
2024-01-23T14:30:00.000Z,15654
2024-01-23T14:00:00.000Z,15721
2024-01-23T13:30:00.000Z,15407
2024-01-23T13:00:00.000Z,15288
2024-01-23T12:30:00.000Z,15262
2024-01-23T12:00:00.000Z,12439
2024-01-23T11:30:00.000Z,0
2024-01-23T11:00:00.000Z,0
2024-01-23T10:30:00.000Z,2469
2024-01-23T10:00:00.000Z,14552
2024-01-23T09:30:00.000Z,14747
2024-01-23T09:00:00.000Z,14526
2024-01-23T08:30:00.000Z,14453
2024-01-23T08:00:00.000Z,14101
2024-01-23T07:30:00.000Z,13604
2024-01-23T07:00:00.000Z,13002
2024-01-23T06:30:00.000Z,12362
2024-01-23T06:00:00.000Z,12206
2024-01-23T05:30:00.000Z,12164
2024-01-23T05:00:00.000Z,12089
2024-01-23T04:30:00.000Z,12002
2024-01-23T04:00:00.000Z,12541
2024-01-23T03:30:00.000Z,12866
2024-01-23T03:00:00.000Z,12974
2024-01-23T02:30:00.000Z,13509
2024-01-23T02:00:00.000Z,13765
2024-01-23T01:30:00.000Z,14072
2024-01-23T01:00:00.000Z,14541
2024-01-23T00:30:00.000Z,14793
2024-01-23T00:00:00.000Z,14934
2024-01-22T23:30:00.000Z,14926
2024-01-22T23:00:00.000Z,15049
2024-01-22T22:30:00.000Z,15305
2024-01-22T22:00:00.000Z,15461
2024-01-22T21:30:00.000Z,15594
2024-01-22T21:00:00.000Z,15692
2024-01-22T20:30:00.000Z,15679
2024-01-22T20:00:00.000Z,15742
2024-01-22T19:30:00.000Z,15727
2024-01-22T19:00:00.000Z,15798
2024-01-22T18:30:00.000Z,15910
2024-01-22T18:00:00.000Z,15855
2024-01-22T17:30:00.000Z,15885
2024-01-22T17:00:00.000Z,15743
2024-01-22T16:30:00.000Z,13225
2024-01-22T16:00:00.000Z,15877
2024-01-22T15:30:00.000Z,15649
2024-01-22T15:00:00.000Z,15682
2024-01-22T14:30:00.000Z,15810
2024-01-22T14:00:00.000Z,16018
2024-01-22T13:30:00.000Z,15717
2024-01-22T13:00:00.000Z,15638
2024-01-22T12:30:00.000Z,15524
2024-01-22T12:00:00.000Z,15341
2024-01-22T11:30:00.000Z,15533
2024-01-22T11:00:00.000Z,15408
2024-01-22T10:30:00.000Z,15390
2024-01-22T10:00:00.000Z,15231
2024-01-22T09:30:00.000Z,15083
2024-01-22T09:00:00.000Z,14969
2024-01-22T08:30:00.000Z,14883
2024-01-22T08:00:00.000Z,14698
2024-01-22T07:30:00.000Z,14265
2024-01-22T07:00:00.000Z,13423
2024-01-22T06:30:00.000Z,12742
2024-01-22T06:00:00.000Z,12139
2024-01-22T05:30:00.000Z,11847
2024-01-22T05:00:00.000Z,11531
2024-01-22T04:30:00.000Z,11465
2024-01-22T04:00:00.000Z,11196
2024-01-22T03:30:00.000Z,10824
2024-01-22T03:00:00.000Z,10235
2024-01-22T02:30:00.000Z,9403
2024-01-22T02:00:00.000Z,8638
2024-01-22T01:30:00.000Z,8344
2024-01-22T01:00:00.000Z,8121
2024-01-22T00:30:00.000Z,8485
2024-01-22T00:00:00.000Z,8662
2024-01-21T23:30:00.000Z,8503
2024-01-21T23:00:00.000Z,8493
2024-01-21T22:30:00.000Z,8182
2024-01-21T22:00:00.000Z,8108
2024-01-21T21:30:00.000Z,8197
2024-01-21T21:00:00.000Z,9112
2024-01-21T20:30:00.000Z,10202
2024-01-21T20:00:00.000Z,11299
2024-01-21T19:30:00.000Z,11789
2024-01-21T19:00:00.000Z,12901
2024-01-21T18:30:00.000Z,13028
2024-01-21T18:00:00.000Z,13740
2024-01-21T17:30:00.000Z,14190
2024-01-21T17:00:00.000Z,14630
2024-01-21T16:30:00.000Z,14708
2024-01-21T16:00:00.000Z,14731
2024-01-21T15:30:00.000Z,14627
2024-01-21T15:00:00.000Z,14802
2024-01-21T14:30:00.000Z,15018
2024-01-21T14:00:00.000Z,14866
2024-01-21T13:30:00.000Z,14969
2024-01-21T13:00:00.000Z,14874
2024-01-21T12:30:00.000Z,15338
2024-01-21T12:00:00.000Z,15746
2024-01-21T11:30:00.000Z,15761
2024-01-21T11:00:00.000Z,15127
2024-01-21T10:30:00.000Z,14975
2024-01-21T10:00:00.000Z,15221
2024-01-21T09:30:00.000Z,15158
2024-01-21T09:00:00.000Z,14474
2024-01-21T08:30:00.000Z,14152
2024-01-21T08:00:00.000Z,14072
2024-01-21T07:30:00.000Z,14343
2024-01-21T07:00:00.000Z,14359
2024-01-21T06:30:00.000Z,14168
2024-01-21T06:00:00.000Z,13505
2024-01-21T05:30:00.000Z,14247
2024-01-21T05:00:00.000Z,14540
2024-01-21T04:30:00.000Z,14036
2024-01-21T04:00:00.000Z,13775
2024-01-21T03:30:00.000Z,14028
2024-01-21T03:00:00.000Z,14474
2024-01-21T02:30:00.000Z,14637
2024-01-21T02:00:00.000Z,14809
2024-01-21T01:30:00.000Z,15132
2024-01-21T01:00:00.000Z,15248
2024-01-21T00:30:00.000Z,15535
2024-01-21T00:00:00.000Z,15884
2024-01-20T23:30:00.000Z,15959
2024-01-20T23:00:00.000Z,16072
2024-01-20T22:30:00.000Z,16102
2024-01-20T22:00:00.000Z,16118
2024-01-20T21:30:00.000Z,16143
2024-01-20T21:00:00.000Z,16434
2024-01-20T20:30:00.000Z,16662
2024-01-20T20:00:00.000Z,16260
2024-01-20T19:30:00.000Z,15950
2024-01-20T19:00:00.000Z,15985
2024-01-20T18:30:00.000Z,15971
2024-01-20T18:00:00.000Z,16073
2024-01-20T17:30:00.000Z,16185
2024-01-20T17:00:00.000Z,16246
2024-01-20T16:30:00.000Z,16244
2024-01-20T16:00:00.000Z,16240
2024-01-20T15:30:00.000Z,16034
2024-01-20T15:00:00.000Z,16261
2024-01-20T14:30:00.000Z,16253
2024-01-20T14:00:00.000Z,16279
2024-01-20T13:30:00.000Z,16137
2024-01-20T13:00:00.000Z,16129
2024-01-20T12:30:00.000Z,16283
2024-01-20T12:00:00.000Z,16185
2024-01-20T11:30:00.000Z,16245
2024-01-20T11:00:00.000Z,15970
2024-01-20T10:30:00.000Z,15707
2024-01-20T10:00:00.000Z,15432
2024-01-20T09:30:00.000Z,15181
2024-01-20T09:00:00.000Z,15269
2024-01-20T08:30:00.000Z,15331
2024-01-20T08:00:00.000Z,15281
2024-01-20T07:30:00.000Z,15094
2024-01-20T07:00:00.000Z,14954
2024-01-20T06:30:00.000Z,14860
2024-01-20T06:00:00.000Z,14918
2024-01-20T05:30:00.000Z,15062
2024-01-20T05:00:00.000Z,15267
2024-01-20T04:30:00.000Z,15096
2024-01-20T04:00:00.000Z,14938
2024-01-20T03:30:00.000Z,14755
2024-01-20T03:00:00.000Z,14459
2024-01-20T02:30:00.000Z,14310
2024-01-20T02:00:00.000Z,14124
2024-01-20T01:30:00.000Z,13788
2024-01-20T01:00:00.000Z,13650
2024-01-20T00:30:00.000Z,13852
2024-01-20T00:00:00.000Z,13736
2024-01-19T23:30:00.000Z,13845
2024-01-19T23:00:00.000Z,14025
2024-01-19T22:30:00.000Z,14014
2024-01-19T22:00:00.000Z,13956
2024-01-19T21:30:00.000Z,13871
2024-01-19T21:00:00.000Z,13992
2024-01-19T20:30:00.000Z,14687
2024-01-19T20:00:00.000Z,14634
2024-01-19T19:30:00.000Z,14358
2024-01-19T19:00:00.000Z,14208
2024-01-19T18:30:00.000Z,14184
2024-01-19T18:00:00.000Z,14025
2024-01-19T17:30:00.000Z,13892
2024-01-19T17:00:00.000Z,13613
2024-01-19T16:30:00.000Z,13697
2024-01-19T16:00:00.000Z,13906
2024-01-19T15:30:00.000Z,13901
2024-01-19T15:00:00.000Z,13844
2024-01-19T14:30:00.000Z,13847
2024-01-19T14:00:00.000Z,14160
2024-01-19T13:30:00.000Z,14349
2024-01-19T13:00:00.000Z,11807
2024-01-19T12:30:00.000Z,13958
2024-01-19T12:00:00.000Z,13807
2024-01-19T11:30:00.000Z,13641
2024-01-19T11:00:00.000Z,13342
2024-01-19T10:30:00.000Z,13097
2024-01-19T10:00:00.000Z,12700
2024-01-19T09:30:00.000Z,12724
2024-01-19T09:00:00.000Z,12592
2024-01-19T08:30:00.000Z,12537
2024-01-19T08:00:00.000Z,12606
2024-01-19T07:30:00.000Z,12110
2024-01-19T07:00:00.000Z,11668
2024-01-19T06:30:00.000Z,11405
2024-01-19T06:00:00.000Z,11717
2024-01-19T05:30:00.000Z,11661
2024-01-19T05:00:00.000Z,11423
2024-01-19T04:30:00.000Z,11244
2024-01-19T04:00:00.000Z,11337
2024-01-19T03:30:00.000Z,11751
2024-01-19T03:00:00.000Z,11687
2024-01-19T02:30:00.000Z,11728
2024-01-19T02:00:00.000Z,11509
2024-01-19T01:30:00.000Z,11553
2024-01-19T01:00:00.000Z,11590
2024-01-19T00:30:00.000Z,11180
2024-01-19T00:00:00.000Z,11417
2024-01-18T23:30:00.000Z,11747
2024-01-18T23:00:00.000Z,11716
2024-01-18T22:30:00.000Z,11843
2024-01-18T22:00:00.000Z,11561
2024-01-18T21:30:00.000Z,11648
2024-01-18T21:00:00.000Z,11629
2024-01-18T20:30:00.000Z,11344
2024-01-18T20:00:00.000Z,11339
2024-01-18T19:30:00.000Z,11307
2024-01-18T19:00:00.000Z,11678
2024-01-18T18:30:00.000Z,12443
2024-01-18T18:00:00.000Z,12362
2024-01-18T17:30:00.000Z,11727
2024-01-18T17:00:00.000Z,11322
2024-01-18T16:30:00.000Z,10765
2024-01-18T16:00:00.000Z,10356
2024-01-18T15:30:00.000Z,10164
2024-01-18T15:00:00.000Z,9515
2024-01-18T14:30:00.000Z,9019
2024-01-18T14:00:00.000Z,8365
2024-01-18T13:30:00.000Z,7754
2024-01-18T13:00:00.000Z,7082
2024-01-18T12:30:00.000Z,7180
2024-01-18T12:00:00.000Z,7551
2024-01-18T11:30:00.000Z,7308
2024-01-18T11:00:00.000Z,6688
2024-01-18T10:30:00.000Z,6333
2024-01-18T10:00:00.000Z,6206
2024-01-18T09:30:00.000Z,6231
2024-01-18T09:00:00.000Z,5659
2024-01-18T08:30:00.000Z,5897
2024-01-18T08:00:00.000Z,6392
2024-01-18T07:30:00.000Z,6751
2024-01-18T07:00:00.000Z,6833
2024-01-18T06:30:00.000Z,7283
2024-01-18T06:00:00.000Z,6990
2024-01-18T05:30:00.000Z,6862
2024-01-18T05:00:00.000Z,6362
2024-01-18T04:30:00.000Z,6044
2024-01-18T04:00:00.000Z,6878
2024-01-18T03:30:00.000Z,7360
2024-01-18T03:00:00.000Z,7493
2024-01-18T02:30:00.000Z,8096
2024-01-18T02:00:00.000Z,8596
2024-01-18T01:30:00.000Z,8491
2024-01-18T01:00:00.000Z,7447
2024-01-18T00:30:00.000Z,6939
2024-01-18T00:00:00.000Z,6431
2024-01-17T23:30:00.000Z,6763
2024-01-17T23:00:00.000Z,6841
2024-01-17T22:30:00.000Z,6796
2024-01-17T22:00:00.000Z,6788
2024-01-17T21:30:00.000Z,6999
2024-01-17T21:00:00.000Z,7426
2024-01-17T20:30:00.000Z,7925
2024-01-17T20:00:00.000Z,7850
2024-01-17T19:30:00.000Z,8125
2024-01-17T19:00:00.000Z,8038
2024-01-17T18:30:00.000Z,7410
2024-01-17T18:00:00.000Z,7004
2024-01-17T17:30:00.000Z,6928
2024-01-17T17:00:00.000Z,6631
2024-01-17T16:30:00.000Z,6709
2024-01-17T16:00:00.000Z,6190
2024-01-17T15:30:00.000Z,5163
2024-01-17T15:00:00.000Z,5291
2024-01-17T14:30:00.000Z,5335
2024-01-17T14:00:00.000Z,4774
2024-01-17T13:30:00.000Z,4254
2024-01-17T13:00:00.000Z,3785
2024-01-17T12:30:00.000Z,3501
2024-01-17T12:00:00.000Z,3238
2024-01-17T11:30:00.000Z,3179
2024-01-17T11:00:00.000Z,3455
2024-01-17T10:30:00.000Z,3670
2024-01-17T10:00:00.000Z,3902
2024-01-17T09:30:00.000Z,4345
2024-01-17T09:00:00.000Z,4434
2024-01-17T08:30:00.000Z,4340
2024-01-17T08:00:00.000Z,3988
2024-01-17T07:30:00.000Z,4252
2024-01-17T07:00:00.000Z,4822
2024-01-17T06:30:00.000Z,4880
2024-01-17T06:00:00.000Z,4682
2024-01-17T05:30:00.000Z,4464
2024-01-17T05:00:00.000Z,4695
2024-01-17T04:30:00.000Z,5342
2024-01-17T04:00:00.000Z,6030
2024-01-17T03:30:00.000Z,6710
2024-01-17T03:00:00.000Z,7573
2024-01-17T02:30:00.000Z,8423
2024-01-17T02:00:00.000Z,9013
2024-01-17T01:30:00.000Z,9320
2024-01-17T01:00:00.000Z,9675
2024-01-17T00:30:00.000Z,10311
2024-01-17T00:00:00.000Z,10883
2024-01-16T23:30:00.000Z,11388
2024-01-16T23:00:00.000Z,11622
2024-01-16T22:30:00.000Z,11742
2024-01-16T22:00:00.000Z,11610
2024-01-16T21:30:00.000Z,11991
2024-01-16T21:00:00.000Z,12042
2024-01-16T20:30:00.000Z,12532
2024-01-16T20:00:00.000Z,12888
2024-01-16T19:30:00.000Z,13106
2024-01-16T19:00:00.000Z,13083
2024-01-16T18:30:00.000Z,13113
2024-01-16T18:00:00.000Z,12865
2024-01-16T17:30:00.000Z,12989
2024-01-16T17:00:00.000Z,12975
2024-01-16T16:30:00.000Z,12264
2024-01-16T16:00:00.000Z,11451
2024-01-16T15:30:00.000Z,10811
2024-01-16T15:00:00.000Z,9603
2024-01-16T14:30:00.000Z,9180
2024-01-16T14:00:00.000Z,9047
2024-01-16T13:30:00.000Z,8607
2024-01-16T13:00:00.000Z,8206
2024-01-16T12:30:00.000Z,8122
2024-01-16T12:00:00.000Z,7607
2024-01-16T11:30:00.000Z,7449
2024-01-16T11:00:00.000Z,7463
2024-01-16T10:30:00.000Z,7345
2024-01-16T10:00:00.000Z,7412
2024-01-16T09:30:00.000Z,7674
2024-01-16T09:00:00.000Z,7756
2024-01-16T08:30:00.000Z,7590
2024-01-16T08:00:00.000Z,7387
2024-01-16T07:30:00.000Z,7266
2024-01-16T07:00:00.000Z,7343
2024-01-16T06:30:00.000Z,7196
2024-01-16T06:00:00.000Z,7111
2024-01-16T05:30:00.000Z,6833
2024-01-16T05:00:00.000Z,6396
2024-01-16T04:30:00.000Z,6136
2024-01-16T04:00:00.000Z,5985
2024-01-16T03:30:00.000Z,6035
2024-01-16T03:00:00.000Z,5814
2024-01-16T02:30:00.000Z,5806
2024-01-16T02:00:00.000Z,6228
2024-01-16T01:30:00.000Z,6954
2024-01-16T01:00:00.000Z,7270
2024-01-16T00:30:00.000Z,7692
2024-01-16T00:00:00.000Z,7892
2024-01-15T23:30:00.000Z,8095
2024-01-15T23:00:00.000Z,8022
2024-01-15T22:30:00.000Z,8472
2024-01-15T22:00:00.000Z,8995
2024-01-15T21:30:00.000Z,9174
2024-01-15T21:00:00.000Z,9569
2024-01-15T20:30:00.000Z,9952
2024-01-15T20:00:00.000Z,10046
2024-01-15T19:30:00.000Z,10449
2024-01-15T19:00:00.000Z,10834
2024-01-15T18:30:00.000Z,11448
2024-01-15T18:00:00.000Z,11775
2024-01-15T17:30:00.000Z,12140
2024-01-15T17:00:00.000Z,12466
2024-01-15T16:30:00.000Z,12747
2024-01-15T16:00:00.000Z,12939
2024-01-15T15:30:00.000Z,13411
2024-01-15T15:00:00.000Z,13547
2024-01-15T14:30:00.000Z,13770
2024-01-15T14:00:00.000Z,13810
2024-01-15T13:30:00.000Z,13948
2024-01-15T13:00:00.000Z,13859
2024-01-15T12:30:00.000Z,13614
2024-01-15T12:00:00.000Z,13529
2024-01-15T11:30:00.000Z,13709
2024-01-15T11:00:00.000Z,13835
2024-01-15T10:30:00.000Z,14149
2024-01-15T10:00:00.000Z,14315
2024-01-15T09:30:00.000Z,14149
2024-01-15T09:00:00.000Z,14233
2024-01-15T08:30:00.000Z,14264
2024-01-15T08:00:00.000Z,14492
2024-01-15T07:30:00.000Z,14855
2024-01-15T07:00:00.000Z,14963
2024-01-15T06:30:00.000Z,14830
2024-01-15T06:00:00.000Z,15022
2024-01-15T05:30:00.000Z,15070
2024-01-15T05:00:00.000Z,15001
2024-01-15T04:30:00.000Z,14933
2024-01-15T04:00:00.000Z,14840
2024-01-15T03:30:00.000Z,14706
2024-01-15T03:00:00.000Z,14534
2024-01-15T02:30:00.000Z,14426
2024-01-15T02:00:00.000Z,14431
2024-01-15T01:30:00.000Z,14482
2024-01-15T01:00:00.000Z,14343
2024-01-15T00:30:00.000Z,13991
2024-01-15T00:00:00.000Z,13826
2024-01-14T23:30:00.000Z,13539
2024-01-14T23:00:00.000Z,13352
2024-01-14T22:30:00.000Z,13557
2024-01-14T22:00:00.000Z,13731
2024-01-14T21:30:00.000Z,13730
2024-01-14T21:00:00.000Z,13213
2024-01-14T20:30:00.000Z,12721
2024-01-14T20:00:00.000Z,12757
2024-01-14T19:30:00.000Z,12398
2024-01-14T19:00:00.000Z,12364
2024-01-14T18:30:00.000Z,12316
2024-01-14T18:00:00.000Z,12424
2024-01-14T17:30:00.000Z,12505
2024-01-14T17:00:00.000Z,12347
2024-01-14T16:30:00.000Z,12247
2024-01-14T16:00:00.000Z,12559
2024-01-14T15:30:00.000Z,12372
2024-01-14T15:00:00.000Z,12175
2024-01-14T14:30:00.000Z,11902
2024-01-14T14:00:00.000Z,11368
2024-01-14T13:30:00.000Z,10769
2024-01-14T13:00:00.000Z,10400
2024-01-14T12:30:00.000Z,10150
2024-01-14T12:00:00.000Z,10051
2024-01-14T11:30:00.000Z,10278
2024-01-14T11:00:00.000Z,9952
2024-01-14T10:30:00.000Z,9699
2024-01-14T10:00:00.000Z,9487
2024-01-14T09:30:00.000Z,9045
2024-01-14T09:00:00.000Z,8614
2024-01-14T08:30:00.000Z,8172
2024-01-14T08:00:00.000Z,7130
2024-01-14T07:30:00.000Z,6759
2024-01-14T07:00:00.000Z,6461
2024-01-14T06:30:00.000Z,6248
2024-01-14T06:00:00.000Z,5862
2024-01-14T05:30:00.000Z,5487
2024-01-14T05:00:00.000Z,5288
2024-01-14T04:30:00.000Z,5367
2024-01-14T04:00:00.000Z,5477
2024-01-14T03:30:00.000Z,5538
2024-01-14T03:00:00.000Z,5596
2024-01-14T02:30:00.000Z,5526
2024-01-14T02:00:00.000Z,5737
2024-01-14T01:30:00.000Z,6093
2024-01-14T01:00:00.000Z,6058
2024-01-14T00:30:00.000Z,6160
2024-01-14T00:00:00.000Z,5873
2024-01-13T23:30:00.000Z,5986
2024-01-13T23:00:00.000Z,6264
2024-01-13T22:30:00.000Z,6531
2024-01-13T22:00:00.000Z,6926
2024-01-13T21:30:00.000Z,6897
2024-01-13T21:00:00.000Z,7009
2024-01-13T20:30:00.000Z,6901
2024-01-13T20:00:00.000Z,6706
2024-01-13T19:30:00.000Z,6763
2024-01-13T19:00:00.000Z,6755
2024-01-13T18:30:00.000Z,6499
2024-01-13T18:00:00.000Z,6446
2024-01-13T17:30:00.000Z,6418
2024-01-13T17:00:00.000Z,6416
2024-01-13T16:30:00.000Z,6834
2024-01-13T16:00:00.000Z,6768
2024-01-13T15:30:00.000Z,6950
2024-01-13T15:00:00.000Z,7003
2024-01-13T14:30:00.000Z,7282
2024-01-13T14:00:00.000Z,7450
2024-01-13T13:30:00.000Z,7017
2024-01-13T13:00:00.000Z,6733
2024-01-13T12:30:00.000Z,6663
2024-01-13T12:00:00.000Z,6834
2024-01-13T11:30:00.000Z,6901
2024-01-13T11:00:00.000Z,7093
2024-01-13T10:30:00.000Z,7190
2024-01-13T10:00:00.000Z,7384
2024-01-13T09:30:00.000Z,7493
2024-01-13T09:00:00.000Z,7662
2024-01-13T08:30:00.000Z,7749
2024-01-13T08:00:00.000Z,7975
2024-01-13T07:30:00.000Z,7841
2024-01-13T07:00:00.000Z,7765
2024-01-13T06:30:00.000Z,7622
2024-01-13T06:00:00.000Z,7446
2024-01-13T05:30:00.000Z,7498
2024-01-13T05:00:00.000Z,7678
2024-01-13T04:30:00.000Z,7774
2024-01-13T04:00:00.000Z,8191
2024-01-13T03:30:00.000Z,8002
2024-01-13T03:00:00.000Z,7695
2024-01-13T02:30:00.000Z,7132
2024-01-13T02:00:00.000Z,7297
2024-01-13T01:30:00.000Z,6993
2024-01-13T01:00:00.000Z,6801
2024-01-13T00:30:00.000Z,6644
2024-01-13T00:00:00.000Z,6319
2024-01-12T23:30:00.000Z,6250
2024-01-12T23:00:00.000Z,6359
2024-01-12T22:30:00.000Z,6017
2024-01-12T22:00:00.000Z,5842
2024-01-12T21:30:00.000Z,5685
2024-01-12T21:00:00.000Z,5486
2024-01-12T20:30:00.000Z,5256
2024-01-12T20:00:00.000Z,5083
2024-01-12T19:30:00.000Z,4946
2024-01-12T19:00:00.000Z,4837
2024-01-12T18:30:00.000Z,4654
2024-01-12T18:00:00.000Z,4639
2024-01-12T17:30:00.000Z,4641
2024-01-12T17:00:00.000Z,4405
2024-01-12T16:30:00.000Z,4514
2024-01-12T16:00:00.000Z,4527
2024-01-12T15:30:00.000Z,4438
2024-01-12T15:00:00.000Z,4220
2024-01-12T14:30:00.000Z,3862
2024-01-12T14:00:00.000Z,3690
2024-01-12T13:30:00.000Z,3509
2024-01-12T13:00:00.000Z,3321
2024-01-12T12:30:00.000Z,3320
2024-01-12T12:00:00.000Z,3318
2024-01-12T11:30:00.000Z,3278
2024-01-12T11:00:00.000Z,3201
2024-01-12T10:30:00.000Z,3202
2024-01-12T10:00:00.000Z,3335
2024-01-12T09:30:00.000Z,3307
2024-01-12T09:00:00.000Z,3499
2024-01-12T08:30:00.000Z,3675
2024-01-12T08:00:00.000Z,3879
2024-01-12T07:30:00.000Z,4039
2024-01-12T07:00:00.000Z,4312
2024-01-12T06:30:00.000Z,4443
2024-01-12T06:00:00.000Z,4510
2024-01-12T05:30:00.000Z,4800
2024-01-12T05:00:00.000Z,4848
2024-01-12T04:30:00.000Z,4783
2024-01-12T04:00:00.000Z,4824
2024-01-12T03:30:00.000Z,5220
2024-01-12T03:00:00.000Z,5292
2024-01-12T02:30:00.000Z,5827
2024-01-12T02:00:00.000Z,6108
2024-01-12T01:30:00.000Z,6355
2024-01-12T01:00:00.000Z,6018
2024-01-12T00:30:00.000Z,5867
2024-01-12T00:00:00.000Z,5886
2024-01-11T23:30:00.000Z,5871
2024-01-11T23:00:00.000Z,5853
2024-01-11T22:30:00.000Z,6057
2024-01-11T22:00:00.000Z,6167
2024-01-11T21:30:00.000Z,6218
2024-01-11T21:00:00.000Z,6324
2024-01-11T20:30:00.000Z,6354
2024-01-11T20:00:00.000Z,6414
2024-01-11T19:30:00.000Z,6551
2024-01-11T19:00:00.000Z,6770
2024-01-11T18:30:00.000Z,6934
2024-01-11T18:00:00.000Z,7094
2024-01-11T17:30:00.000Z,7185
2024-01-11T17:00:00.000Z,7151
2024-01-11T16:30:00.000Z,7418
2024-01-11T16:00:00.000Z,7549
2024-01-11T15:30:00.000Z,7787
2024-01-11T15:00:00.000Z,7604
2024-01-11T14:30:00.000Z,7559
2024-01-11T14:00:00.000Z,7308
2024-01-11T13:30:00.000Z,7224
2024-01-11T13:00:00.000Z,7088
2024-01-11T12:30:00.000Z,6829
2024-01-11T12:00:00.000Z,6457
2024-01-11T11:30:00.000Z,6251
2024-01-11T11:00:00.000Z,6061
2024-01-11T10:30:00.000Z,5858
2024-01-11T10:00:00.000Z,5824
2024-01-11T09:30:00.000Z,5583
2024-01-11T09:00:00.000Z,5450
2024-01-11T08:30:00.000Z,5459
2024-01-11T08:00:00.000Z,5389
2024-01-11T07:30:00.000Z,5279
2024-01-11T07:00:00.000Z,5536
2024-01-11T06:30:00.000Z,5722
2024-01-11T06:00:00.000Z,6036
2024-01-11T05:30:00.000Z,6155
2024-01-11T05:00:00.000Z,5605
2024-01-11T04:30:00.000Z,5683
2024-01-11T04:00:00.000Z,5671
2024-01-11T03:30:00.000Z,5521
2024-01-11T03:00:00.000Z,5469
2024-01-11T02:30:00.000Z,5568
2024-01-11T02:00:00.000Z,5824
2024-01-11T01:30:00.000Z,5994
2024-01-11T01:00:00.000Z,6143
2024-01-11T00:30:00.000Z,6372
2024-01-11T00:00:00.000Z,6538
2024-01-10T23:30:00.000Z,6737
2024-01-10T23:00:00.000Z,6690
2024-01-10T22:30:00.000Z,6800
2024-01-10T22:00:00.000Z,6978
2024-01-10T21:30:00.000Z,7743
2024-01-10T21:00:00.000Z,8234
2024-01-10T20:30:00.000Z,8520
2024-01-10T20:00:00.000Z,8785
2024-01-10T19:30:00.000Z,8987
2024-01-10T19:00:00.000Z,8831
2024-01-10T18:30:00.000Z,8926
2024-01-10T18:00:00.000Z,8944
2024-01-10T17:30:00.000Z,9026
2024-01-10T17:00:00.000Z,8970
2024-01-10T16:30:00.000Z,8777
2024-01-10T16:00:00.000Z,6983
2024-01-10T15:30:00.000Z,8042
2024-01-10T15:00:00.000Z,8027
2024-01-10T14:30:00.000Z,7899
2024-01-10T14:00:00.000Z,7684
2024-01-10T13:30:00.000Z,7338
2024-01-10T13:00:00.000Z,7172
2024-01-10T12:30:00.000Z,6969
2024-01-10T12:00:00.000Z,6774
2024-01-10T11:30:00.000Z,6771
2024-01-10T11:00:00.000Z,6752
2024-01-10T10:30:00.000Z,6734
2024-01-10T10:00:00.000Z,6564
2024-01-10T09:30:00.000Z,6497
2024-01-10T09:00:00.000Z,6420
2024-01-10T08:30:00.000Z,6547
2024-01-10T08:00:00.000Z,6625
2024-01-10T07:30:00.000Z,6740
2024-01-10T07:00:00.000Z,6908
2024-01-10T06:30:00.000Z,7070
2024-01-10T06:00:00.000Z,7277
2024-01-10T05:30:00.000Z,7423
2024-01-10T05:00:00.000Z,7538
2024-01-10T04:30:00.000Z,7581
2024-01-10T04:00:00.000Z,7728
2024-01-10T03:30:00.000Z,7910
2024-01-10T03:00:00.000Z,7933
2024-01-10T02:30:00.000Z,8269
2024-01-10T02:00:00.000Z,8765
2024-01-10T01:30:00.000Z,9498
2024-01-10T01:00:00.000Z,9662
2024-01-10T00:30:00.000Z,9663
2024-01-10T00:00:00.000Z,10003
2024-01-09T23:30:00.000Z,10364
2024-01-09T23:00:00.000Z,10685
2024-01-09T22:30:00.000Z,10866
2024-01-09T22:00:00.000Z,11005
2024-01-09T21:30:00.000Z,10915
2024-01-09T21:00:00.000Z,11128
2024-01-09T20:30:00.000Z,11228
2024-01-09T20:00:00.000Z,11428
2024-01-09T19:30:00.000Z,11504
2024-01-09T19:00:00.000Z,11476
2024-01-09T18:30:00.000Z,11395
2024-01-09T18:00:00.000Z,11240
2024-01-09T17:30:00.000Z,11313
2024-01-09T17:00:00.000Z,11135
2024-01-09T16:30:00.000Z,11000
2024-01-09T16:00:00.000Z,11052
2024-01-09T15:30:00.000Z,11024
2024-01-09T15:00:00.000Z,10939
2024-01-09T14:30:00.000Z,11161
2024-01-09T14:00:00.000Z,11493
2024-01-09T13:30:00.000Z,11550
2024-01-09T13:00:00.000Z,11806
2024-01-09T12:30:00.000Z,11886
2024-01-09T12:00:00.000Z,11866
2024-01-09T11:30:00.000Z,12042
2024-01-09T11:00:00.000Z,12275
2024-01-09T10:30:00.000Z,12374
2024-01-09T10:00:00.000Z,12481
2024-01-09T09:30:00.000Z,12380
2024-01-09T09:00:00.000Z,12411
2024-01-09T08:30:00.000Z,12385
2024-01-09T08:00:00.000Z,12298
2024-01-09T07:30:00.000Z,12320
2024-01-09T07:00:00.000Z,12192
2024-01-09T06:30:00.000Z,11944
2024-01-09T06:00:00.000Z,11659
2024-01-09T05:30:00.000Z,11558
2024-01-09T05:00:00.000Z,11483
2024-01-09T04:30:00.000Z,11558
2024-01-09T04:00:00.000Z,11574
2024-01-09T03:30:00.000Z,11480
2024-01-09T03:00:00.000Z,11356
2024-01-09T02:30:00.000Z,11381
2024-01-09T02:00:00.000Z,11298
2024-01-09T01:30:00.000Z,11277
2024-01-09T01:00:00.000Z,11440
2024-01-09T00:30:00.000Z,11652
2024-01-09T00:00:00.000Z,11819
2024-01-08T23:30:00.000Z,11909
2024-01-08T23:00:00.000Z,11895
2024-01-08T22:30:00.000Z,11782
2024-01-08T22:00:00.000Z,11616
2024-01-08T21:30:00.000Z,11738
2024-01-08T21:00:00.000Z,11660
2024-01-08T20:30:00.000Z,11592
2024-01-08T20:00:00.000Z,11536
2024-01-08T19:30:00.000Z,11371
2024-01-08T19:00:00.000Z,11412
2024-01-08T18:30:00.000Z,11439
2024-01-08T18:00:00.000Z,11362
2024-01-08T17:30:00.000Z,11535
2024-01-08T17:00:00.000Z,10919
2024-01-08T16:30:00.000Z,10783
2024-01-08T16:00:00.000Z,10769
2024-01-08T15:30:00.000Z,10616
2024-01-08T15:00:00.000Z,10317
2024-01-08T14:30:00.000Z,10226
2024-01-08T14:00:00.000Z,10377
2024-01-08T13:30:00.000Z,10499
2024-01-08T13:00:00.000Z,10469
2024-01-08T12:30:00.000Z,10163
2024-01-08T12:00:00.000Z,10111
2024-01-08T11:30:00.000Z,9986
2024-01-08T11:00:00.000Z,9777
2024-01-08T10:30:00.000Z,9545
2024-01-08T10:00:00.000Z,9334
2024-01-08T09:30:00.000Z,9199
2024-01-08T09:00:00.000Z,8833
2024-01-08T08:30:00.000Z,8551
2024-01-08T08:00:00.000Z,8230
2024-01-08T07:30:00.000Z,8031
2024-01-08T07:00:00.000Z,7640
2024-01-08T06:30:00.000Z,7502
2024-01-08T06:00:00.000Z,7472
2024-01-08T05:30:00.000Z,7292
2024-01-08T05:00:00.000Z,7381
2024-01-08T04:30:00.000Z,6945
2024-01-08T04:00:00.000Z,6980
2024-01-08T03:30:00.000Z,6533
2024-01-08T03:00:00.000Z,6274
2024-01-08T02:30:00.000Z,6043
2024-01-08T02:00:00.000Z,5342
2024-01-08T01:30:00.000Z,5215
2024-01-08T01:00:00.000Z,5033
2024-01-08T00:30:00.000Z,4730
2024-01-08T00:00:00.000Z,4629
2024-01-07T23:30:00.000Z,4275
2024-01-07T23:00:00.000Z,4242
2024-01-07T22:30:00.000Z,4100
2024-01-07T22:00:00.000Z,3994
2024-01-07T21:30:00.000Z,4030
2024-01-07T21:00:00.000Z,3992
2024-01-07T20:30:00.000Z,4017
2024-01-07T20:00:00.000Z,4032
2024-01-07T19:30:00.000Z,4169
2024-01-07T19:00:00.000Z,4202
2024-01-07T18:30:00.000Z,4281
2024-01-07T18:00:00.000Z,4324
2024-01-07T17:30:00.000Z,4325
2024-01-07T17:00:00.000Z,4316
2024-01-07T16:30:00.000Z,4305
2024-01-07T16:00:00.000Z,4299
2024-01-07T15:30:00.000Z,4315
2024-01-07T15:00:00.000Z,4325
2024-01-07T14:30:00.000Z,4352
2024-01-07T14:00:00.000Z,4332
2024-01-07T13:30:00.000Z,4327
2024-01-07T13:00:00.000Z,4437
2024-01-07T12:30:00.000Z,4391
2024-01-07T12:00:00.000Z,4435
2024-01-07T11:30:00.000Z,4648
2024-01-07T11:00:00.000Z,4848
2024-01-07T10:30:00.000Z,5015
2024-01-07T10:00:00.000Z,5311
2024-01-07T09:30:00.000Z,5385
2024-01-07T09:00:00.000Z,5549
2024-01-07T08:30:00.000Z,5612
2024-01-07T08:00:00.000Z,6044
2024-01-07T07:30:00.000Z,6109
2024-01-07T07:00:00.000Z,6138
2024-01-07T06:30:00.000Z,6440
2024-01-07T06:00:00.000Z,6402
2024-01-07T05:30:00.000Z,6434
2024-01-07T05:00:00.000Z,6290
2024-01-07T04:30:00.000Z,6066
2024-01-07T04:00:00.000Z,6342
2024-01-07T03:30:00.000Z,6176
2024-01-07T03:00:00.000Z,5881
2024-01-07T02:30:00.000Z,5770
2024-01-07T02:00:00.000Z,5904
2024-01-07T01:30:00.000Z,5946
2024-01-07T01:00:00.000Z,5803
2024-01-07T00:30:00.000Z,5552
2024-01-07T00:00:00.000Z,5708
2024-01-06T23:30:00.000Z,5390
2024-01-06T23:00:00.000Z,5175
2024-01-06T22:30:00.000Z,5275
2024-01-06T22:00:00.000Z,5090
2024-01-06T21:30:00.000Z,4906
2024-01-06T21:00:00.000Z,4916
2024-01-06T20:30:00.000Z,4911
2024-01-06T20:00:00.000Z,5132
2024-01-06T19:30:00.000Z,4946
2024-01-06T19:00:00.000Z,4878
2024-01-06T18:30:00.000Z,4778
2024-01-06T18:00:00.000Z,5050
2024-01-06T17:30:00.000Z,5203
2024-01-06T17:00:00.000Z,5212
2024-01-06T16:30:00.000Z,5194
2024-01-06T16:00:00.000Z,5248
2024-01-06T15:30:00.000Z,4864
2024-01-06T15:00:00.000Z,4631
2024-01-06T14:30:00.000Z,4613
2024-01-06T14:00:00.000Z,4539
2024-01-06T13:30:00.000Z,4683
2024-01-06T13:00:00.000Z,4591
2024-01-06T12:30:00.000Z,4529
2024-01-06T12:00:00.000Z,4362
2024-01-06T11:30:00.000Z,4599
2024-01-06T11:00:00.000Z,4696
2024-01-06T10:30:00.000Z,4782
2024-01-06T10:00:00.000Z,4940
2024-01-06T09:30:00.000Z,5113
2024-01-06T09:00:00.000Z,5244
2024-01-06T08:30:00.000Z,5610
2024-01-06T08:00:00.000Z,5771
2024-01-06T07:30:00.000Z,5887
2024-01-06T07:00:00.000Z,6033
2024-01-06T06:30:00.000Z,5868
2024-01-06T06:00:00.000Z,5712
2024-01-06T05:30:00.000Z,5687
2024-01-06T05:00:00.000Z,5734
2024-01-06T04:30:00.000Z,5784
2024-01-06T04:00:00.000Z,5871
2024-01-06T03:30:00.000Z,5968
2024-01-06T03:00:00.000Z,6074
2024-01-06T02:30:00.000Z,6127
2024-01-06T02:00:00.000Z,6107
2024-01-06T01:30:00.000Z,6004
2024-01-06T01:00:00.000Z,5877
2024-01-06T00:30:00.000Z,5860
2024-01-06T00:00:00.000Z,5741
2024-01-05T23:30:00.000Z,5746
2024-01-05T23:00:00.000Z,5845
2024-01-05T22:30:00.000Z,6020
2024-01-05T22:00:00.000Z,6280
2024-01-05T21:30:00.000Z,6555
2024-01-05T21:00:00.000Z,6579
2024-01-05T20:30:00.000Z,6659
2024-01-05T20:00:00.000Z,7104
2024-01-05T19:30:00.000Z,7284
2024-01-05T19:00:00.000Z,7236
2024-01-05T18:30:00.000Z,7484
2024-01-05T18:00:00.000Z,7790
2024-01-05T17:30:00.000Z,7852
2024-01-05T17:00:00.000Z,7986
2024-01-05T16:30:00.000Z,8259
2024-01-05T16:00:00.000Z,8416
2024-01-05T15:30:00.000Z,8476
2024-01-05T15:00:00.000Z,8657
2024-01-05T14:30:00.000Z,8839
2024-01-05T14:00:00.000Z,8984
2024-01-05T13:30:00.000Z,8771
2024-01-05T13:00:00.000Z,8724
2024-01-05T12:30:00.000Z,8670
2024-01-05T12:00:00.000Z,8539
2024-01-05T11:30:00.000Z,8430
2024-01-05T11:00:00.000Z,8164
2024-01-05T10:30:00.000Z,7973
2024-01-05T10:00:00.000Z,8007
2024-01-05T09:30:00.000Z,8173
2024-01-05T09:00:00.000Z,8545
2024-01-05T08:30:00.000Z,8672
2024-01-05T08:00:00.000Z,8316
2024-01-05T07:30:00.000Z,8265
2024-01-05T07:00:00.000Z,8250
2024-01-05T06:30:00.000Z,8154
2024-01-05T06:00:00.000Z,7916
2024-01-05T05:30:00.000Z,7266
2024-01-05T05:00:00.000Z,6485
2024-01-05T04:30:00.000Z,6393
2024-01-05T04:00:00.000Z,6416
2024-01-05T03:30:00.000Z,6637
2024-01-05T03:00:00.000Z,6547
2024-01-05T02:30:00.000Z,6535
2024-01-05T02:00:00.000Z,5990
2024-01-05T01:30:00.000Z,6007
2024-01-05T01:00:00.000Z,5813
2024-01-05T00:30:00.000Z,5799
2024-01-05T00:00:00.000Z,5740
2024-01-04T23:30:00.000Z,5428
2024-01-04T23:00:00.000Z,5263
2024-01-04T22:30:00.000Z,5148
2024-01-04T22:00:00.000Z,5052
2024-01-04T21:30:00.000Z,5361
2024-01-04T21:00:00.000Z,5331
2024-01-04T20:30:00.000Z,5048
2024-01-04T20:00:00.000Z,4751
2024-01-04T19:30:00.000Z,4669
2024-01-04T19:00:00.000Z,4459
2024-01-04T18:30:00.000Z,4177
2024-01-04T18:00:00.000Z,3862
2024-01-04T17:30:00.000Z,3277
2024-01-04T17:00:00.000Z,3204
2024-01-04T16:30:00.000Z,3074
2024-01-04T16:00:00.000Z,3039
2024-01-04T15:30:00.000Z,3004
2024-01-04T15:00:00.000Z,2988
2024-01-04T14:30:00.000Z,3168
2024-01-04T14:00:00.000Z,3394
2024-01-04T13:30:00.000Z,3291
2024-01-04T13:00:00.000Z,3544
2024-01-04T12:30:00.000Z,4091
2024-01-04T12:00:00.000Z,4421
2024-01-04T11:30:00.000Z,4691
2024-01-04T11:00:00.000Z,5193
2024-01-04T10:30:00.000Z,6032
2024-01-04T10:00:00.000Z,6394
2024-01-04T09:30:00.000Z,6731
2024-01-04T09:00:00.000Z,6841
2024-01-04T08:30:00.000Z,6898
2024-01-04T08:00:00.000Z,6880
2024-01-04T07:30:00.000Z,7266
2024-01-04T07:00:00.000Z,7815
2024-01-04T06:30:00.000Z,8212
2024-01-04T06:00:00.000Z,8359
2024-01-04T05:30:00.000Z,8218
2024-01-04T05:00:00.000Z,7859
2024-01-04T04:30:00.000Z,7708
2024-01-04T04:00:00.000Z,7666
2024-01-04T03:30:00.000Z,7866
2024-01-04T03:00:00.000Z,8118
2024-01-04T02:30:00.000Z,8255
2024-01-04T02:00:00.000Z,8269
2024-01-04T01:30:00.000Z,8071
2024-01-04T01:00:00.000Z,7743
2024-01-04T00:30:00.000Z,7536
2024-01-04T00:00:00.000Z,7112
2024-01-03T23:30:00.000Z,6793
2024-01-03T23:00:00.000Z,6813
2024-01-03T22:30:00.000Z,6680
2024-01-03T22:00:00.000Z,6611
2024-01-03T21:30:00.000Z,6773
2024-01-03T21:00:00.000Z,6945
2024-01-03T20:30:00.000Z,7005
2024-01-03T20:00:00.000Z,7039
2024-01-03T19:30:00.000Z,7150
2024-01-03T19:00:00.000Z,7131
2024-01-03T18:30:00.000Z,7171
2024-01-03T18:00:00.000Z,7192
2024-01-03T17:30:00.000Z,7119
2024-01-03T17:00:00.000Z,7044
2024-01-03T16:30:00.000Z,6805
2024-01-03T16:00:00.000Z,6591
2024-01-03T15:30:00.000Z,6367
2024-01-03T15:00:00.000Z,6052
2024-01-03T14:30:00.000Z,5826
2024-01-03T14:00:00.000Z,5928
2024-01-03T13:30:00.000Z,5825
2024-01-03T13:00:00.000Z,5823
2024-01-03T12:30:00.000Z,6088
2024-01-03T12:00:00.000Z,6200
2024-01-03T11:30:00.000Z,6258
2024-01-03T11:00:00.000Z,6484
2024-01-03T10:30:00.000Z,6620
2024-01-03T10:00:00.000Z,6794
2024-01-03T09:30:00.000Z,6934
2024-01-03T09:00:00.000Z,7245
2024-01-03T08:30:00.000Z,7841
2024-01-03T08:00:00.000Z,8396
2024-01-03T07:30:00.000Z,8565
2024-01-03T07:00:00.000Z,8927
2024-01-03T06:30:00.000Z,9326
2024-01-03T06:00:00.000Z,9387
2024-01-03T05:30:00.000Z,9484
2024-01-03T05:00:00.000Z,9463
2024-01-03T04:30:00.000Z,9680
2024-01-03T04:00:00.000Z,9599
2024-01-03T03:30:00.000Z,9889
2024-01-03T03:00:00.000Z,10059
2024-01-03T02:30:00.000Z,9940
2024-01-03T02:00:00.000Z,10226
2024-01-03T01:30:00.000Z,10418
2024-01-03T01:00:00.000Z,10293
2024-01-03T00:30:00.000Z,10530
2024-01-03T00:00:00.000Z,10672
2024-01-02T23:30:00.000Z,10922
2024-01-02T23:00:00.000Z,10992
2024-01-02T22:30:00.000Z,11364
2024-01-02T22:00:00.000Z,11480
2024-01-02T21:30:00.000Z,11467
2024-01-02T21:00:00.000Z,11263
2024-01-02T20:30:00.000Z,11338
2024-01-02T20:00:00.000Z,11051
2024-01-02T19:30:00.000Z,10271
2024-01-02T19:00:00.000Z,9919
2024-01-02T18:30:00.000Z,10043
2024-01-02T18:00:00.000Z,10183
2024-01-02T17:30:00.000Z,9771
2024-01-02T17:00:00.000Z,9635
2024-01-02T16:30:00.000Z,8935
2024-01-02T16:00:00.000Z,8208
2024-01-02T15:30:00.000Z,8115
2024-01-02T15:00:00.000Z,7870
2024-01-02T14:30:00.000Z,7672
2024-01-02T14:00:00.000Z,7249
2024-01-02T13:30:00.000Z,7180
2024-01-02T13:00:00.000Z,7344
2024-01-02T12:30:00.000Z,7557
2024-01-02T12:00:00.000Z,8281
2024-01-02T11:30:00.000Z,8667
2024-01-02T11:00:00.000Z,8795
2024-01-02T10:30:00.000Z,9546
2024-01-02T10:00:00.000Z,10399
2024-01-02T09:30:00.000Z,10760
2024-01-02T09:00:00.000Z,11505
2024-01-02T08:30:00.000Z,12035
2024-01-02T08:00:00.000Z,11866
2024-01-02T07:30:00.000Z,11711
2024-01-02T07:00:00.000Z,11925
2024-01-02T06:30:00.000Z,12323
2024-01-02T06:00:00.000Z,12764
2024-01-02T05:30:00.000Z,12711
2024-01-02T05:00:00.000Z,12635
2024-01-02T04:30:00.000Z,13041
2024-01-02T04:00:00.000Z,13245
2024-01-02T03:30:00.000Z,13232
2024-01-02T03:00:00.000Z,13403
2024-01-02T02:30:00.000Z,13748
2024-01-02T02:00:00.000Z,14032
2024-01-02T01:30:00.000Z,14388
2024-01-02T01:00:00.000Z,14592
2024-01-02T00:30:00.000Z,14510
2024-01-02T00:00:00.000Z,14690
2024-01-01T23:30:00.000Z,14666
2024-01-01T23:00:00.000Z,14958
2024-01-01T22:30:00.000Z,14306
2024-01-01T22:00:00.000Z,14217
2024-01-01T21:30:00.000Z,13845
2024-01-01T21:00:00.000Z,13953
2024-01-01T20:30:00.000Z,13279
2024-01-01T20:00:00.000Z,12519
2024-01-01T19:30:00.000Z,12055
2024-01-01T19:00:00.000Z,11212
2024-01-01T18:30:00.000Z,10443
2024-01-01T18:00:00.000Z,9665
2024-01-01T17:30:00.000Z,9290
2024-01-01T17:00:00.000Z,9204
2024-01-01T16:30:00.000Z,9091
2024-01-01T16:00:00.000Z,8634
2024-01-01T15:30:00.000Z,8058
2024-01-01T15:00:00.000Z,8162
2024-01-01T14:30:00.000Z,8098
2024-01-01T14:00:00.000Z,8058
2024-01-01T13:30:00.000Z,8495
2024-01-01T13:00:00.000Z,8874
2024-01-01T12:30:00.000Z,9548
2024-01-01T12:00:00.000Z,9828
2024-01-01T11:30:00.000Z,10217
2024-01-01T11:00:00.000Z,10679
2024-01-01T10:30:00.000Z,10932
2024-01-01T10:00:00.000Z,11379
2024-01-01T09:30:00.000Z,11817
2024-01-01T09:00:00.000Z,12017
2024-01-01T08:30:00.000Z,12218
2024-01-01T08:00:00.000Z,12361
2024-01-01T07:30:00.000Z,12307
2024-01-01T07:00:00.000Z,12303
2024-01-01T06:30:00.000Z,12183
2024-01-01T06:00:00.000Z,12044
2024-01-01T05:30:00.000Z,12011
2024-01-01T05:00:00.000Z,12037
2024-01-01T04:30:00.000Z,11878
2024-01-01T04:00:00.000Z,11828
2024-01-01T03:30:00.000Z,11445
2024-01-01T03:00:00.000Z,11434
2024-01-01T02:30:00.000Z,11437
2024-01-01T02:00:00.000Z,11234
2024-01-01T01:30:00.000Z,11223
2024-01-01T01:00:00.000Z,11218
2024-01-01T00:30:00.000Z,10845
2024-01-01T00:00:00.000Z,10402